Date,Month,WeekNum,IsHoliday,IndustryCycle
2019-01-01,Jan-19,1,0,Peak
2019-01-02,Jan-19,1,0,Lean
2019-01-03,Jan-19,1,0,Stable
2019-01-04,Jan-19,1,0,Stable
2019-01-05,Jan-19,1,0,Peak
2019-01-06,Jan-19,1,0,Lean
2019-01-07,Jan-19,2,0,Lean
2019-01-08,Jan-19,2,0,Peak
2019-01-09,Jan-19,2,1,Peak
2019-01-10,Jan-19,2,0,Peak
2019-01-11,Jan-19,2,0,Peak
2019-01-12,Jan-19,2,0,Peak
2019-01-13,Jan-19,2,0,Peak
2019-01-14,Jan-19,3,0,Lean
2019-01-15,Jan-19,3,0,Peak
2019-01-16,Jan-19,3,0,Stable
2019-01-17,Jan-19,3,0,Stable
2019-01-18,Jan-19,3,0,Peak
2019-01-19,Jan-19,3,0,Stable
2019-01-20,Jan-19,3,0,Peak
2019-01-21,Jan-19,4,1,Peak
2019-01-22,Jan-19,4,0,Peak
2019-01-23,Jan-19,4,0,Lean
2019-01-24,Jan-19,4,1,Stable
2019-01-25,Jan-19,4,0,Stable
2019-01-26,Jan-19,4,1,Lean
2019-01-27,Jan-19,4,0,Lean
2019-01-28,Jan-19,5,0,Peak
2019-01-29,Jan-19,5,1,Stable
2019-01-30,Jan-19,5,1,Stable
2019-01-31,Jan-19,5,1,Lean
2019-02-01,Feb-19,5,0,Peak
2019-02-02,Feb-19,5,1,Peak
2019-02-03,Feb-19,5,1,Stable
2019-02-04,Feb-19,6,1,Peak
2019-02-05,Feb-19,6,0,Lean
2019-02-06,Feb-19,6,1,Peak
2019-02-07,Feb-19,6,0,Peak
2019-02-08,Feb-19,6,1,Lean
2019-02-09,Feb-19,6,0,Lean
2019-02-10,Feb-19,6,0,Stable
2019-02-11,Feb-19,7,0,Stable
2019-02-12,Feb-19,7,0,Peak
2019-02-13,Feb-19,7,1,Peak
2019-02-14,Feb-19,7,0,Peak
2019-02-15,Feb-19,7,0,Stable
2019-02-16,Feb-19,7,0,Peak
2019-02-17,Feb-19,7,0,Stable
2019-02-18,Feb-19,8,0,Stable
2019-02-19,Feb-19,8,0,Stable
2019-02-20,Feb-19,8,1,Peak
2019-02-21,Feb-19,8,0,Peak
2019-02-22,Feb-19,8,0,Lean
2019-02-23,Feb-19,8,0,Stable
2019-02-24,Feb-19,8,1,Lean
2019-02-25,Feb-19,9,0,Stable
2019-02-26,Feb-19,9,0,Lean
2019-02-27,Feb-19,9,0,Lean
2019-02-28,Feb-19,9,0,Lean
2019-03-01,Mar-19,9,0,Peak
2019-03-02,Mar-19,9,0,Stable
2019-03-03,Mar-19,9,0,Stable
2019-03-04,Mar-19,10,1,Lean
2019-03-05,Mar-19,10,0,Peak
2019-03-06,Mar-19,10,1,Peak
2019-03-07,Mar-19,10,0,Lean
2019-03-08,Mar-19,10,0,Lean
2019-03-09,Mar-19,10,0,Lean
2019-03-10,Mar-19,10,1,Peak
2019-03-11,Mar-19,11,0,Peak
2019-03-12,Mar-19,11,0,Stable
2019-03-13,Mar-19,11,0,Stable
2019-03-14,Mar-19,11,1,Stable
2019-03-15,Mar-19,11,0,Peak
2019-03-16,Mar-19,11,0,Peak
2019-03-17,Mar-19,11,0,Stable
2019-03-18,Mar-19,12,0,Stable
2019-03-19,Mar-19,12,0,Lean
2019-03-20,Mar-19,12,0,Stable
2019-03-21,Mar-19,12,0,Stable
2019-03-22,Mar-19,12,0,Stable
2019-03-23,Mar-19,12,0,Stable
2019-03-24,Mar-19,12,0,Stable
2019-03-25,Mar-19,13,0,Lean
2019-03-26,Mar-19,13,0,Peak
2019-03-27,Mar-19,13,0,Peak
2019-03-28,Mar-19,13,1,Stable
2019-03-29,Mar-19,13,0,Lean
2019-03-30,Mar-19,13,0,Stable
2019-03-31,Mar-19,13,1,Lean
2019-04-01,Apr-19,14,0,Lean
2019-04-02,Apr-19,14,1,Lean
2019-04-03,Apr-19,14,1,Peak
2019-04-04,Apr-19,14,0,Stable
2019-04-05,Apr-19,14,1,Lean
2019-04-06,Apr-19,14,0,Stable
2019-04-07,Apr-19,14,0,Lean
2019-04-08,Apr-19,15,0,Lean
2019-04-09,Apr-19,15,0,Peak
2019-04-10,Apr-19,15,0,Peak
2019-04-11,Apr-19,15,0,Lean
2019-04-12,Apr-19,15,0,Lean
2019-04-13,Apr-19,15,0,Lean
2019-04-14,Apr-19,15,1,Peak
2019-04-15,Apr-19,16,0,Peak
2019-04-16,Apr-19,16,1,Lean
2019-04-17,Apr-19,16,0,Lean
2019-04-18,Apr-19,16,0,Peak
2019-04-19,Apr-19,16,0,Stable
2019-04-20,Apr-19,16,1,Peak
2019-04-21,Apr-19,16,0,Lean
2019-04-22,Apr-19,17,0,Stable
2019-04-23,Apr-19,17,0,Peak
2019-04-24,Apr-19,17,1,Stable
2019-04-25,Apr-19,17,0,Lean
2019-04-26,Apr-19,17,0,Stable
2019-04-27,Apr-19,17,1,Stable
2019-04-28,Apr-19,17,1,Stable
2019-04-29,Apr-19,18,0,Stable
2019-04-30,Apr-19,18,0,Stable
2019-05-01,May-19,18,1,Stable
2019-05-02,May-19,18,0,Stable
2019-05-03,May-19,18,0,Peak
2019-05-04,May-19,18,0,Peak
2019-05-05,May-19,18,0,Stable
2019-05-06,May-19,19,0,Lean
2019-05-07,May-19,19,1,Lean
2019-05-08,May-19,19,1,Lean
2019-05-09,May-19,19,1,Lean
2019-05-10,May-19,19,1,Stable
2019-05-11,May-19,19,1,Lean
2019-05-12,May-19,19,0,Peak
2019-05-13,May-19,20,0,Stable
2019-05-14,May-19,20,0,Lean
2019-05-15,May-19,20,0,Peak
2019-05-16,May-19,20,1,Lean
2019-05-17,May-19,20,0,Peak
2019-05-18,May-19,20,0,Stable
2019-05-19,May-19,20,0,Lean
2019-05-20,May-19,21,0,Stable
2019-05-21,May-19,21,1,Lean
2019-05-22,May-19,21,0,Lean
2019-05-23,May-19,21,0,Lean
2019-05-24,May-19,21,1,Stable
2019-05-25,May-19,21,0,Stable
2019-05-26,May-19,21,0,Lean
2019-05-27,May-19,22,0,Stable
2019-05-28,May-19,22,1,Peak
2019-05-29,May-19,22,0,Lean
2019-05-30,May-19,22,0,Stable
2019-05-31,May-19,22,0,Peak
2019-06-01,Jun-19,22,0,Lean
2019-06-02,Jun-19,22,0,Lean
2019-06-03,Jun-19,23,0,Peak
2019-06-04,Jun-19,23,1,Peak
2019-06-05,Jun-19,23,0,Peak
2019-06-06,Jun-19,23,1,Stable
2019-06-07,Jun-19,23,0,Stable
2019-06-08,Jun-19,23,1,Peak
2019-06-09,Jun-19,23,1,Peak
2019-06-10,Jun-19,24,1,Lean
2019-06-11,Jun-19,24,0,Peak
2019-06-12,Jun-19,24,0,Peak
2019-06-13,Jun-19,24,0,Stable
2019-06-14,Jun-19,24,0,Peak
2019-06-15,Jun-19,24,1,Peak
2019-06-16,Jun-19,24,0,Peak
2019-06-17,Jun-19,25,0,Lean
2019-06-18,Jun-19,25,0,Stable
2019-06-19,Jun-19,25,0,Peak
2019-06-20,Jun-19,25,0,Stable
2019-06-21,Jun-19,25,0,Stable
2019-06-22,Jun-19,25,0,Stable
2019-06-23,Jun-19,25,0,Lean
2019-06-24,Jun-19,26,0,Lean
2019-06-25,Jun-19,26,0,Peak
2019-06-26,Jun-19,26,1,Stable
2019-06-27,Jun-19,26,1,Stable
2019-06-28,Jun-19,26,0,Lean
2019-06-29,Jun-19,26,0,Lean
2019-06-30,Jun-19,26,0,Stable
2019-07-01,Jul-19,27,0,Peak
2019-07-02,Jul-19,27,0,Stable
2019-07-03,Jul-19,27,0,Stable
2019-07-04,Jul-19,27,1,Stable
2019-07-05,Jul-19,27,1,Peak
2019-07-06,Jul-19,27,1,Peak
2019-07-07,Jul-19,27,0,Lean
2019-07-08,Jul-19,28,0,Peak
2019-07-09,Jul-19,28,1,Peak
2019-07-10,Jul-19,28,0,Peak
2019-07-11,Jul-19,28,0,Stable
2019-07-12,Jul-19,28,0,Lean
2019-07-13,Jul-19,28,0,Lean
2019-07-14,Jul-19,28,0,Stable
2019-07-15,Jul-19,29,0,Lean
2019-07-16,Jul-19,29,1,Lean
2019-07-17,Jul-19,29,0,Stable
2019-07-18,Jul-19,29,0,Lean
2019-07-19,Jul-19,29,0,Lean
2019-07-20,Jul-19,29,1,Peak
2019-07-21,Jul-19,29,1,Lean
2019-07-22,Jul-19,30,0,Peak
2019-07-23,Jul-19,30,1,Peak
2019-07-24,Jul-19,30,0,Lean
2019-07-25,Jul-19,30,0,Peak
2019-07-26,Jul-19,30,1,Lean
2019-07-27,Jul-19,30,0,Lean
2019-07-28,Jul-19,30,0,Peak
2019-07-29,Jul-19,31,1,Lean
2019-07-30,Jul-19,31,0,Lean
2019-07-31,Jul-19,31,0,Peak
2019-08-01,Aug-19,31,0,Lean
2019-08-02,Aug-19,31,0,Lean
2019-08-03,Aug-19,31,1,Lean
2019-08-04,Aug-19,31,0,Stable
2019-08-05,Aug-19,32,0,Peak
2019-08-06,Aug-19,32,0,Peak
2019-08-07,Aug-19,32,0,Stable
2019-08-08,Aug-19,32,0,Stable
2019-08-09,Aug-19,32,0,Stable
2019-08-10,Aug-19,32,0,Stable
2019-08-11,Aug-19,32,0,Lean
2019-08-12,Aug-19,33,1,Peak
2019-08-13,Aug-19,33,1,Lean
2019-08-14,Aug-19,33,0,Stable
2019-08-15,Aug-19,33,0,Stable
2019-08-16,Aug-19,33,0,Lean
2019-08-17,Aug-19,33,0,Stable
2019-08-18,Aug-19,33,0,Peak
2019-08-19,Aug-19,34,0,Peak
2019-08-20,Aug-19,34,0,Stable
2019-08-21,Aug-19,34,0,Peak
2019-08-22,Aug-19,34,0,Peak
2019-08-23,Aug-19,34,0,Peak
2019-08-24,Aug-19,34,0,Peak
2019-08-25,Aug-19,34,0,Stable
2019-08-26,Aug-19,35,0,Lean
2019-08-27,Aug-19,35,0,Stable
2019-08-28,Aug-19,35,0,Peak
2019-08-29,Aug-19,35,1,Stable
2019-08-30,Aug-19,35,0,Peak
2019-08-31,Aug-19,35,0,Stable
2019-09-01,Sep-19,35,0,Peak
2019-09-02,Sep-19,36,0,Stable
2019-09-03,Sep-19,36,0,Stable
2019-09-04,Sep-19,36,0,Lean
2019-09-05,Sep-19,36,1,Peak
2019-09-06,Sep-19,36,0,Stable
2019-09-07,Sep-19,36,0,Stable
2019-09-08,Sep-19,36,1,Lean
2019-09-09,Sep-19,37,1,Stable
2019-09-10,Sep-19,37,0,Lean
2019-09-11,Sep-19,37,0,Lean
2019-09-12,Sep-19,37,0,Stable
2019-09-13,Sep-19,37,0,Stable
2019-09-14,Sep-19,37,1,Lean
2019-09-15,Sep-19,37,1,Lean
2019-09-16,Sep-19,38,0,Peak
2019-09-17,Sep-19,38,0,Peak
2019-09-18,Sep-19,38,0,Lean
2019-09-19,Sep-19,38,0,Peak
2019-09-20,Sep-19,38,0,Stable
2019-09-21,Sep-19,38,0,Stable
2019-09-22,Sep-19,38,0,Peak
2019-09-23,Sep-19,39,1,Stable
2019-09-24,Sep-19,39,0,Lean
2019-09-25,Sep-19,39,1,Stable
2019-09-26,Sep-19,39,1,Lean
2019-09-27,Sep-19,39,0,Stable
2019-09-28,Sep-19,39,1,Lean
2019-09-29,Sep-19,39,0,Lean
2019-09-30,Sep-19,40,0,Peak
2019-10-01,Oct-19,40,1,Stable
2019-10-02,Oct-19,40,0,Lean
2019-10-03,Oct-19,40,1,Lean
2019-10-04,Oct-19,40,1,Lean
2019-10-05,Oct-19,40,0,Stable
2019-10-06,Oct-19,40,0,Peak
2019-10-07,Oct-19,41,0,Lean
2019-10-08,Oct-19,41,0,Lean
2019-10-09,Oct-19,41,0,Peak
2019-10-10,Oct-19,41,0,Lean
2019-10-11,Oct-19,41,0,Lean
2019-10-12,Oct-19,41,0,Lean
2019-10-13,Oct-19,41,0,Lean
2019-10-14,Oct-19,42,0,Lean
2019-10-15,Oct-19,42,0,Stable
2019-10-16,Oct-19,42,0,Peak
2019-10-17,Oct-19,42,0,Lean
2019-10-18,Oct-19,42,0,Lean
2019-10-19,Oct-19,42,1,Stable
2019-10-20,Oct-19,42,1,Peak
2019-10-21,Oct-19,43,0,Stable
2019-10-22,Oct-19,43,0,Stable
2019-10-23,Oct-19,43,0,Peak
2019-10-24,Oct-19,43,0,Peak
2019-10-25,Oct-19,43,0,Peak
2019-10-26,Oct-19,43,0,Stable
2019-10-27,Oct-19,43,0,Lean
2019-10-28,Oct-19,44,0,Stable
2019-10-29,Oct-19,44,0,Lean
2019-10-30,Oct-19,44,0,Stable
2019-10-31,Oct-19,44,0,Lean
2019-11-01,Nov-19,44,0,Peak
2019-11-02,Nov-19,44,0,Peak
2019-11-03,Nov-19,44,1,Peak
2019-11-04,Nov-19,45,1,Peak
2019-11-05,Nov-19,45,0,Stable
2019-11-06,Nov-19,45,0,Stable
2019-11-07,Nov-19,45,1,Lean
2019-11-08,Nov-19,45,1,Lean
2019-11-09,Nov-19,45,1,Peak
2019-11-10,Nov-19,45,1,Peak
2019-11-11,Nov-19,46,0,Peak
2019-11-12,Nov-19,46,1,Stable
2019-11-13,Nov-19,46,0,Lean
2019-11-14,Nov-19,46,0,Lean
2019-11-15,Nov-19,46,1,Lean
2019-11-16,Nov-19,46,0,Stable
2019-11-17,Nov-19,46,0,Peak
2019-11-18,Nov-19,47,0,Peak
2019-11-19,Nov-19,47,0,Stable
2019-11-20,Nov-19,47,1,Peak
2019-11-21,Nov-19,47,1,Peak
2019-11-22,Nov-19,47,0,Lean
2019-11-23,Nov-19,47,0,Lean
2019-11-24,Nov-19,47,0,Stable
2019-11-25,Nov-19,48,1,Stable
2019-11-26,Nov-19,48,1,Stable
2019-11-27,Nov-19,48,0,Peak
2019-11-28,Nov-19,48,0,Lean
2019-11-29,Nov-19,48,0,Lean
2019-11-30,Nov-19,48,0,Stable
2019-12-01,Dec-19,48,0,Lean
2019-12-02,Dec-19,49,0,Peak
2019-12-03,Dec-19,49,0,Lean
2019-12-04,Dec-19,49,0,Stable
2019-12-05,Dec-19,49,0,Stable
2019-12-06,Dec-19,49,0,Peak
2019-12-07,Dec-19,49,0,Lean
2019-12-08,Dec-19,49,1,Stable
2019-12-09,Dec-19,50,0,Stable
2019-12-10,Dec-19,50,0,Lean
2019-12-11,Dec-19,50,0,Lean
2019-12-12,Dec-19,50,0,Peak
2019-12-13,Dec-19,50,0,Stable
2019-12-14,Dec-19,50,0,Stable
2019-12-15,Dec-19,50,0,Peak
2019-12-16,Dec-19,51,0,Peak
2019-12-17,Dec-19,51,1,Stable
2019-12-18,Dec-19,51,0,Peak
2019-12-19,Dec-19,51,0,Stable
2019-12-20,Dec-19,51,0,Peak
2019-12-21,Dec-19,51,0,Stable
2019-12-22,Dec-19,51,0,Lean
2019-12-23,Dec-19,52,0,Stable
2019-12-24,Dec-19,52,0,Lean
2019-12-25,Dec-19,52,1,Stable
2019-12-26,Dec-19,52,0,Stable
2019-12-27,Dec-19,52,1,Stable
2019-12-28,Dec-19,52,0,Stable
2019-12-29,Dec-19,52,0,Lean
2019-12-30,Dec-19,1,1,Peak
2019-12-31,Dec-19,1,0,Lean
2020-01-01,Jan-20,1,1,Peak
2020-01-02,Jan-20,1,0,Stable
2020-01-03,Jan-20,1,0,Lean
2020-01-04,Jan-20,1,0,Stable
2020-01-05,Jan-20,1,0,Stable
2020-01-06,Jan-20,2,0,Stable
2020-01-07,Jan-20,2,0,Peak
2020-01-08,Jan-20,2,0,Lean
2020-01-09,Jan-20,2,1,Lean
2020-01-10,Jan-20,2,0,Lean
2020-01-11,Jan-20,2,0,Peak
2020-01-12,Jan-20,2,0,Peak
2020-01-13,Jan-20,3,0,Stable
2020-01-14,Jan-20,3,0,Lean
2020-01-15,Jan-20,3,1,Lean
2020-01-16,Jan-20,3,1,Stable
2020-01-17,Jan-20,3,0,Peak
2020-01-18,Jan-20,3,0,Peak
2020-01-19,Jan-20,3,1,Peak
2020-01-20,Jan-20,4,0,Stable
2020-01-21,Jan-20,4,0,Stable
2020-01-22,Jan-20,4,1,Lean
2020-01-23,Jan-20,4,0,Stable
2020-01-24,Jan-20,4,0,Stable
2020-01-25,Jan-20,4,0,Lean
2020-01-26,Jan-20,4,0,Stable
2020-01-27,Jan-20,5,0,Peak
2020-01-28,Jan-20,5,1,Stable
2020-01-29,Jan-20,5,0,Peak
2020-01-30,Jan-20,5,0,Peak
2020-01-31,Jan-20,5,1,Peak
2020-02-01,Feb-20,5,1,Lean
2020-02-02,Feb-20,5,1,Peak
2020-02-03,Feb-20,6,0,Stable
2020-02-04,Feb-20,6,0,Peak
2020-02-05,Feb-20,6,0,Peak
2020-02-06,Feb-20,6,0,Lean
2020-02-07,Feb-20,6,0,Peak
2020-02-08,Feb-20,6,0,Lean
2020-02-09,Feb-20,6,0,Lean
2020-02-10,Feb-20,7,1,Lean
2020-02-11,Feb-20,7,1,Stable
2020-02-12,Feb-20,7,0,Stable
2020-02-13,Feb-20,7,1,Lean
2020-02-14,Feb-20,7,0,Stable
2020-02-15,Feb-20,7,0,Stable
2020-02-16,Feb-20,7,0,Peak
2020-02-17,Feb-20,8,0,Peak
2020-02-18,Feb-20,8,0,Stable
2020-02-19,Feb-20,8,0,Lean
2020-02-20,Feb-20,8,0,Peak
2020-02-21,Feb-20,8,0,Peak
2020-02-22,Feb-20,8,1,Stable
2020-02-23,Feb-20,8,1,Stable
2020-02-24,Feb-20,9,0,Peak
2020-02-25,Feb-20,9,0,Peak
2020-02-26,Feb-20,9,0,Stable
2020-02-27,Feb-20,9,0,Lean
2020-02-28,Feb-20,9,0,Stable
2020-02-29,Feb-20,9,0,Peak
2020-03-01,Mar-20,9,0,Lean
2020-03-02,Mar-20,10,0,Lean
2020-03-03,Mar-20,10,0,Lean
2020-03-04,Mar-20,10,0,Peak
2020-03-05,Mar-20,10,0,Peak
2020-03-06,Mar-20,10,1,Lean
2020-03-07,Mar-20,10,0,Lean
2020-03-08,Mar-20,10,0,Peak
2020-03-09,Mar-20,11,0,Stable
2020-03-10,Mar-20,11,0,Stable
2020-03-11,Mar-20,11,0,Peak
2020-03-12,Mar-20,11,1,Peak
2020-03-13,Mar-20,11,0,Lean
2020-03-14,Mar-20,11,0,Stable
2020-03-15,Mar-20,11,1,Stable
2020-03-16,Mar-20,12,0,Lean
2020-03-17,Mar-20,12,0,Peak
2020-03-18,Mar-20,12,0,Stable
2020-03-19,Mar-20,12,1,Peak
2020-03-20,Mar-20,12,0,Stable
2020-03-21,Mar-20,12,1,Stable
2020-03-22,Mar-20,12,0,Peak
2020-03-23,Mar-20,13,0,Lean
2020-03-24,Mar-20,13,0,Lean
2020-03-25,Mar-20,13,0,Lean
2020-03-26,Mar-20,13,0,Stable
2020-03-27,Mar-20,13,0,Stable
2020-03-28,Mar-20,13,0,Lean
2020-03-29,Mar-20,13,1,Stable
2020-03-30,Mar-20,14,0,Lean
2020-03-31,Mar-20,14,0,Peak
2020-04-01,Apr-20,14,0,Lean
2020-04-02,Apr-20,14,0,Stable
2020-04-03,Apr-20,14,0,Lean
2020-04-04,Apr-20,14,1,Peak
2020-04-05,Apr-20,14,0,Stable
2020-04-06,Apr-20,15,0,Stable
2020-04-07,Apr-20,15,1,Lean
2020-04-08,Apr-20,15,0,Stable
2020-04-09,Apr-20,15,0,Stable
2020-04-10,Apr-20,15,0,Lean
2020-04-11,Apr-20,15,1,Stable
2020-04-12,Apr-20,15,0,Lean
2020-04-13,Apr-20,16,1,Peak
2020-04-14,Apr-20,16,1,Lean
2020-04-15,Apr-20,16,0,Peak
2020-04-16,Apr-20,16,0,Stable
2020-04-17,Apr-20,16,1,Stable
2020-04-18,Apr-20,16,0,Peak
2020-04-19,Apr-20,16,0,Lean
2020-04-20,Apr-20,17,0,Lean
2020-04-21,Apr-20,17,0,Lean
2020-04-22,Apr-20,17,1,Lean
2020-04-23,Apr-20,17,0,Lean
2020-04-24,Apr-20,17,0,Peak
2020-04-25,Apr-20,17,1,Lean
2020-04-26,Apr-20,17,1,Peak
2020-04-27,Apr-20,18,1,Lean
2020-04-28,Apr-20,18,0,Stable
2020-04-29,Apr-20,18,0,Lean
2020-04-30,Apr-20,18,0,Lean
2020-05-01,May-20,18,0,Lean
2020-05-02,May-20,18,0,Peak
2020-05-03,May-20,18,0,Peak
2020-05-04,May-20,19,1,Lean
2020-05-05,May-20,19,0,Stable
2020-05-06,May-20,19,0,Lean
2020-05-07,May-20,19,0,Stable
2020-05-08,May-20,19,1,Stable
2020-05-09,May-20,19,0,Peak
2020-05-10,May-20,19,0,Lean
2020-05-11,May-20,20,0,Stable
2020-05-12,May-20,20,1,Peak
2020-05-13,May-20,20,1,Peak
2020-05-14,May-20,20,0,Stable
2020-05-15,May-20,20,0,Peak
2020-05-16,May-20,20,1,Peak
2020-05-17,May-20,20,0,Peak
2020-05-18,May-20,21,0,Peak
2020-05-19,May-20,21,0,Peak
2020-05-20,May-20,21,0,Stable
2020-05-21,May-20,21,0,Stable
2020-05-22,May-20,21,1,Peak
2020-05-23,May-20,21,0,Peak
2020-05-24,May-20,21,0,Stable
2020-05-25,May-20,22,1,Peak
2020-05-26,May-20,22,0,Lean
2020-05-27,May-20,22,0,Peak
2020-05-28,May-20,22,0,Lean
2020-05-29,May-20,22,0,Peak
2020-05-30,May-20,22,0,Stable
2020-05-31,May-20,22,0,Stable
2020-06-01,Jun-20,23,1,Lean
2020-06-02,Jun-20,23,1,Stable
2020-06-03,Jun-20,23,0,Stable
2020-06-04,Jun-20,23,0,Stable
2020-06-05,Jun-20,23,0,Peak
2020-06-06,Jun-20,23,0,Stable
2020-06-07,Jun-20,23,0,Stable
2020-06-08,Jun-20,24,0,Lean
2020-06-09,Jun-20,24,1,Stable
2020-06-10,Jun-20,24,0,Stable
2020-06-11,Jun-20,24,0,Stable
2020-06-12,Jun-20,24,0,Peak
2020-06-13,Jun-20,24,1,Stable
2020-06-14,Jun-20,24,1,Lean
2020-06-15,Jun-20,25,0,Peak
2020-06-16,Jun-20,25,0,Lean
2020-06-17,Jun-20,25,0,Stable
2020-06-18,Jun-20,25,0,Peak
2020-06-19,Jun-20,25,1,Peak
2020-06-20,Jun-20,25,1,Lean
2020-06-21,Jun-20,25,1,Stable
2020-06-22,Jun-20,26,0,Stable
2020-06-23,Jun-20,26,0,Lean
2020-06-24,Jun-20,26,1,Lean
2020-06-25,Jun-20,26,0,Stable
2020-06-26,Jun-20,26,0,Lean
2020-06-27,Jun-20,26,0,Lean
2020-06-28,Jun-20,26,1,Peak
2020-06-29,Jun-20,27,0,Peak
2020-06-30,Jun-20,27,1,Peak
2020-07-01,Jul-20,27,0,Lean
2020-07-02,Jul-20,27,0,Lean
2020-07-03,Jul-20,27,0,Lean
2020-07-04,Jul-20,27,0,Lean
2020-07-05,Jul-20,27,0,Peak
2020-07-06,Jul-20,28,1,Stable
2020-07-07,Jul-20,28,1,Stable
2020-07-08,Jul-20,28,0,Peak
2020-07-09,Jul-20,28,0,Stable
2020-07-10,Jul-20,28,0,Peak
2020-07-11,Jul-20,28,0,Peak
2020-07-12,Jul-20,28,0,Peak
2020-07-13,Jul-20,29,0,Peak
2020-07-14,Jul-20,29,0,Stable
2020-07-15,Jul-20,29,0,Peak
2020-07-16,Jul-20,29,1,Stable
2020-07-17,Jul-20,29,0,Peak
2020-07-18,Jul-20,29,0,Stable
2020-07-19,Jul-20,29,0,Peak
2020-07-20,Jul-20,30,1,Peak
2020-07-21,Jul-20,30,0,Peak
2020-07-22,Jul-20,30,0,Peak
2020-07-23,Jul-20,30,0,Lean
2020-07-24,Jul-20,30,0,Stable
2020-07-25,Jul-20,30,0,Lean
2020-07-26,Jul-20,30,0,Lean
2020-07-27,Jul-20,31,0,Stable
2020-07-28,Jul-20,31,0,Peak
2020-07-29,Jul-20,31,0,Lean
2020-07-30,Jul-20,31,0,Peak
2020-07-31,Jul-20,31,0,Lean
2020-08-01,Aug-20,31,1,Lean
2020-08-02,Aug-20,31,0,Stable
2020-08-03,Aug-20,32,0,Lean
2020-08-04,Aug-20,32,0,Stable
2020-08-05,Aug-20,32,0,Lean
2020-08-06,Aug-20,32,1,Stable
2020-08-07,Aug-20,32,0,Stable
2020-08-08,Aug-20,32,0,Lean
2020-08-09,Aug-20,32,0,Stable
2020-08-10,Aug-20,33,0,Peak
2020-08-11,Aug-20,33,0,Stable
2020-08-12,Aug-20,33,0,Lean
2020-08-13,Aug-20,33,0,Stable
2020-08-14,Aug-20,33,0,Stable
2020-08-15,Aug-20,33,1,Lean
2020-08-16,Aug-20,33,0,Peak
2020-08-17,Aug-20,34,0,Peak
2020-08-18,Aug-20,34,0,Peak
2020-08-19,Aug-20,34,1,Stable
2020-08-20,Aug-20,34,1,Peak
2020-08-21,Aug-20,34,1,Peak
2020-08-22,Aug-20,34,1,Lean
2020-08-23,Aug-20,34,0,Stable
2020-08-24,Aug-20,35,0,Peak
2020-08-25,Aug-20,35,0,Stable
2020-08-26,Aug-20,35,0,Peak
2020-08-27,Aug-20,35,0,Stable
2020-08-28,Aug-20,35,0,Peak
2020-08-29,Aug-20,35,0,Stable
2020-08-30,Aug-20,35,1,Peak
2020-08-31,Aug-20,36,0,Peak
2020-09-01,Sep-20,36,0,Peak
2020-09-02,Sep-20,36,1,Stable
2020-09-03,Sep-20,36,0,Peak
2020-09-04,Sep-20,36,0,Peak
2020-09-05,Sep-20,36,0,Lean
2020-09-06,Sep-20,36,0,Lean
2020-09-07,Sep-20,37,0,Stable
2020-09-08,Sep-20,37,0,Stable
2020-09-09,Sep-20,37,0,Lean
2020-09-10,Sep-20,37,0,Peak
2020-09-11,Sep-20,37,0,Stable
2020-09-12,Sep-20,37,0,Stable
2020-09-13,Sep-20,37,0,Lean
2020-09-14,Sep-20,38,0,Lean
2020-09-15,Sep-20,38,0,Peak
2020-09-16,Sep-20,38,0,Lean
2020-09-17,Sep-20,38,1,Lean
2020-09-18,Sep-20,38,0,Stable
2020-09-19,Sep-20,38,0,Lean
2020-09-20,Sep-20,38,0,Peak
2020-09-21,Sep-20,39,1,Stable
2020-09-22,Sep-20,39,0,Peak
2020-09-23,Sep-20,39,0,Lean
2020-09-24,Sep-20,39,0,Stable
2020-09-25,Sep-20,39,0,Peak
2020-09-26,Sep-20,39,0,Lean
2020-09-27,Sep-20,39,1,Stable
2020-09-28,Sep-20,40,0,Lean
2020-09-29,Sep-20,40,0,Peak
2020-09-30,Sep-20,40,0,Stable
2020-10-01,Oct-20,40,0,Stable
2020-10-02,Oct-20,40,1,Stable
2020-10-03,Oct-20,40,1,Peak
2020-10-04,Oct-20,40,1,Peak
2020-10-05,Oct-20,41,1,Peak
2020-10-06,Oct-20,41,0,Peak
2020-10-07,Oct-20,41,0,Stable
2020-10-08,Oct-20,41,1,Lean
2020-10-09,Oct-20,41,0,Lean
2020-10-10,Oct-20,41,1,Peak
2020-10-11,Oct-20,41,0,Lean
2020-10-12,Oct-20,42,0,Peak
2020-10-13,Oct-20,42,0,Stable
2020-10-14,Oct-20,42,1,Stable
2020-10-15,Oct-20,42,0,Peak
2020-10-16,Oct-20,42,0,Lean
2020-10-17,Oct-20,42,0,Stable
2020-10-18,Oct-20,42,0,Lean
2020-10-19,Oct-20,43,0,Lean
2020-10-20,Oct-20,43,0,Stable
2020-10-21,Oct-20,43,0,Stable
2020-10-22,Oct-20,43,0,Peak
2020-10-23,Oct-20,43,1,Peak
2020-10-24,Oct-20,43,0,Stable
2020-10-25,Oct-20,43,0,Peak
2020-10-26,Oct-20,44,1,Lean
2020-10-27,Oct-20,44,0,Peak
2020-10-28,Oct-20,44,1,Stable
2020-10-29,Oct-20,44,1,Stable
2020-10-30,Oct-20,44,0,Stable
2020-10-31,Oct-20,44,1,Peak
2020-11-01,Nov-20,44,0,Lean
2020-11-02,Nov-20,45,0,Stable
2020-11-03,Nov-20,45,0,Lean
2020-11-04,Nov-20,45,0,Stable
2020-11-05,Nov-20,45,0,Peak
2020-11-06,Nov-20,45,0,Peak
2020-11-07,Nov-20,45,0,Peak
2020-11-08,Nov-20,45,0,Peak
2020-11-09,Nov-20,46,0,Lean
2020-11-10,Nov-20,46,0,Peak
2020-11-11,Nov-20,46,0,Lean
2020-11-12,Nov-20,46,0,Stable
2020-11-13,Nov-20,46,0,Stable
2020-11-14,Nov-20,46,1,Lean
2020-11-15,Nov-20,46,1,Stable
2020-11-16,Nov-20,47,0,Lean
2020-11-17,Nov-20,47,1,Stable
2020-11-18,Nov-20,47,0,Lean
2020-11-19,Nov-20,47,1,Stable
2020-11-20,Nov-20,47,0,Peak
2020-11-21,Nov-20,47,0,Stable
2020-11-22,Nov-20,47,0,Lean
2020-11-23,Nov-20,48,0,Stable
2020-11-24,Nov-20,48,0,Peak
2020-11-25,Nov-20,48,0,Peak
2020-11-26,Nov-20,48,0,Lean
2020-11-27,Nov-20,48,0,Stable
2020-11-28,Nov-20,48,0,Stable
2020-11-29,Nov-20,48,0,Stable
2020-11-30,Nov-20,49,0,Peak
2020-12-01,Dec-20,49,1,Peak
2020-12-02,Dec-20,49,0,Lean
2020-12-03,Dec-20,49,0,Stable
2020-12-04,Dec-20,49,0,Stable
2020-12-05,Dec-20,49,0,Peak
2020-12-06,Dec-20,49,0,Lean
2020-12-07,Dec-20,50,0,Stable
2020-12-08,Dec-20,50,0,Peak
2020-12-09,Dec-20,50,0,Peak
2020-12-10,Dec-20,50,0,Stable
2020-12-11,Dec-20,50,0,Stable
2020-12-12,Dec-20,50,1,Stable
2020-12-13,Dec-20,50,0,Peak
2020-12-14,Dec-20,51,0,Peak
2020-12-15,Dec-20,51,0,Lean
2020-12-16,Dec-20,51,0,Stable
2020-12-17,Dec-20,51,0,Lean
2020-12-18,Dec-20,51,1,Peak
2020-12-19,Dec-20,51,1,Lean
2020-12-20,Dec-20,51,0,Stable
2020-12-21,Dec-20,52,0,Lean
2020-12-22,Dec-20,52,0,Lean
2020-12-23,Dec-20,52,0,Lean
2020-12-24,Dec-20,52,0,Peak
2020-12-25,Dec-20,52,0,Lean
2020-12-26,Dec-20,52,0,Stable
2020-12-27,Dec-20,52,0,Stable
2020-12-28,Dec-20,53,1,Lean
2020-12-29,Dec-20,53,0,Peak
2020-12-30,Dec-20,53,0,Peak
2020-12-31,Dec-20,53,1,Lean
2021-01-01,Jan-21,53,0,Peak
2021-01-02,Jan-21,53,0,Lean
2021-01-03,Jan-21,53,0,Peak
2021-01-04,Jan-21,1,1,Lean
2021-01-05,Jan-21,1,0,Lean
2021-01-06,Jan-21,1,0,Peak
2021-01-07,Jan-21,1,1,Lean
2021-01-08,Jan-21,1,0,Lean
2021-01-09,Jan-21,1,1,Peak
2021-01-10,Jan-21,1,0,Peak
2021-01-11,Jan-21,2,0,Stable
2021-01-12,Jan-21,2,0,Lean
2021-01-13,Jan-21,2,0,Peak
2021-01-14,Jan-21,2,0,Stable
2021-01-15,Jan-21,2,1,Stable
2021-01-16,Jan-21,2,0,Lean
2021-01-17,Jan-21,2,0,Peak
2021-01-18,Jan-21,3,0,Stable
2021-01-19,Jan-21,3,0,Stable
2021-01-20,Jan-21,3,0,Peak
2021-01-21,Jan-21,3,0,Stable
2021-01-22,Jan-21,3,0,Peak
2021-01-23,Jan-21,3,0,Lean
2021-01-24,Jan-21,3,0,Peak
2021-01-25,Jan-21,4,0,Peak
2021-01-26,Jan-21,4,0,Lean
2021-01-27,Jan-21,4,1,Peak
2021-01-28,Jan-21,4,0,Lean
2021-01-29,Jan-21,4,0,Peak
2021-01-30,Jan-21,4,0,Stable
2021-01-31,Jan-21,4,0,Stable
2021-02-01,Feb-21,5,1,Lean
2021-02-02,Feb-21,5,0,Lean
2021-02-03,Feb-21,5,1,Lean
2021-02-04,Feb-21,5,1,Stable
2021-02-05,Feb-21,5,0,Peak
2021-02-06,Feb-21,5,0,Stable
2021-02-07,Feb-21,5,1,Lean
2021-02-08,Feb-21,6,0,Stable
2021-02-09,Feb-21,6,0,Peak
2021-02-10,Feb-21,6,0,Peak
2021-02-11,Feb-21,6,0,Peak
2021-02-12,Feb-21,6,1,Stable
2021-02-13,Feb-21,6,0,Lean
2021-02-14,Feb-21,6,0,Peak
2021-02-15,Feb-21,7,1,Lean
2021-02-16,Feb-21,7,0,Stable
2021-02-17,Feb-21,7,0,Peak
2021-02-18,Feb-21,7,0,Lean
2021-02-19,Feb-21,7,0,Peak
2021-02-20,Feb-21,7,0,Lean
2021-02-21,Feb-21,7,0,Stable
2021-02-22,Feb-21,8,0,Peak
2021-02-23,Feb-21,8,0,Stable
2021-02-24,Feb-21,8,0,Stable
2021-02-25,Feb-21,8,1,Lean
2021-02-26,Feb-21,8,0,Stable
2021-02-27,Feb-21,8,1,Stable
2021-02-28,Feb-21,8,0,Lean
2021-03-01,Mar-21,9,1,Peak
2021-03-02,Mar-21,9,0,Lean
2021-03-03,Mar-21,9,0,Stable
2021-03-04,Mar-21,9,0,Peak
2021-03-05,Mar-21,9,0,Peak
2021-03-06,Mar-21,9,0,Stable
2021-03-07,Mar-21,9,0,Stable
2021-03-08,Mar-21,10,0,Lean
2021-03-09,Mar-21,10,0,Lean
2021-03-10,Mar-21,10,0,Lean
2021-03-11,Mar-21,10,0,Peak
2021-03-12,Mar-21,10,0,Peak
2021-03-13,Mar-21,10,0,Stable
2021-03-14,Mar-21,10,0,Stable
2021-03-15,Mar-21,11,0,Lean
2021-03-16,Mar-21,11,0,Lean
2021-03-17,Mar-21,11,0,Stable
2021-03-18,Mar-21,11,0,Peak
2021-03-19,Mar-21,11,0,Stable
2021-03-20,Mar-21,11,0,Lean
2021-03-21,Mar-21,11,1,Peak
2021-03-22,Mar-21,12,0,Lean
2021-03-23,Mar-21,12,0,Peak
2021-03-24,Mar-21,12,0,Lean
2021-03-25,Mar-21,12,1,Peak
2021-03-26,Mar-21,12,0,Lean
2021-03-27,Mar-21,12,0,Lean
2021-03-28,Mar-21,12,0,Stable
2021-03-29,Mar-21,13,1,Stable
2021-03-30,Mar-21,13,1,Lean
2021-03-31,Mar-21,13,0,Lean
2021-04-01,Apr-21,13,0,Peak
2021-04-02,Apr-21,13,1,Stable
2021-04-03,Apr-21,13,0,Lean
2021-04-04,Apr-21,13,0,Peak
2021-04-05,Apr-21,14,1,Lean
2021-04-06,Apr-21,14,0,Stable
2021-04-07,Apr-21,14,0,Peak
2021-04-08,Apr-21,14,0,Stable
2021-04-09,Apr-21,14,0,Stable
2021-04-10,Apr-21,14,0,Stable
2021-04-11,Apr-21,14,0,Peak
2021-04-12,Apr-21,15,0,Lean
2021-04-13,Apr-21,15,0,Lean
2021-04-14,Apr-21,15,0,Stable
2021-04-15,Apr-21,15,0,Stable
2021-04-16,Apr-21,15,0,Peak
2021-04-17,Apr-21,15,1,Lean
2021-04-18,Apr-21,15,0,Stable
2021-04-19,Apr-21,16,0,Lean
2021-04-20,Apr-21,16,0,Stable
2021-04-21,Apr-21,16,0,Stable
2021-04-22,Apr-21,16,0,Stable
2021-04-23,Apr-21,16,0,Stable
2021-04-24,Apr-21,16,1,Lean
2021-04-25,Apr-21,16,0,Lean
2021-04-26,Apr-21,17,0,Peak
2021-04-27,Apr-21,17,0,Lean
2021-04-28,Apr-21,17,0,Stable
2021-04-29,Apr-21,17,1,Peak
2021-04-30,Apr-21,17,1,Peak
2021-05-01,May-21,17,0,Stable
2021-05-02,May-21,17,1,Peak
2021-05-03,May-21,18,1,Peak
2021-05-04,May-21,18,0,Peak
2021-05-05,May-21,18,0,Lean
2021-05-06,May-21,18,0,Peak
2021-05-07,May-21,18,0,Stable
2021-05-08,May-21,18,1,Stable
2021-05-09,May-21,18,0,Lean
2021-05-10,May-21,19,0,Stable
2021-05-11,May-21,19,1,Lean
2021-05-12,May-21,19,0,Lean
2021-05-13,May-21,19,0,Lean
2021-05-14,May-21,19,0,Peak
2021-05-15,May-21,19,0,Stable
2021-05-16,May-21,19,0,Peak
2021-05-17,May-21,20,0,Peak
2021-05-18,May-21,20,1,Peak
2021-05-19,May-21,20,0,Stable
2021-05-20,May-21,20,1,Lean
2021-05-21,May-21,20,0,Lean
2021-05-22,May-21,20,0,Lean
2021-05-23,May-21,20,0,Stable
2021-05-24,May-21,21,0,Lean
2021-05-25,May-21,21,1,Stable
2021-05-26,May-21,21,0,Lean
2021-05-27,May-21,21,0,Peak
2021-05-28,May-21,21,0,Peak
2021-05-29,May-21,21,0,Peak
2021-05-30,May-21,21,0,Peak
2021-05-31,May-21,22,1,Peak
2021-06-01,Jun-21,22,1,Lean
2021-06-02,Jun-21,22,1,Peak
2021-06-03,Jun-21,22,0,Lean
2021-06-04,Jun-21,22,0,Lean
2021-06-05,Jun-21,22,0,Peak
2021-06-06,Jun-21,22,0,Lean
2021-06-07,Jun-21,23,0,Lean
2021-06-08,Jun-21,23,1,Lean
2021-06-09,Jun-21,23,0,Peak
2021-06-10,Jun-21,23,0,Stable
2021-06-11,Jun-21,23,0,Peak
2021-06-12,Jun-21,23,0,Peak
2021-06-13,Jun-21,23,0,Peak
2021-06-14,Jun-21,24,0,Stable
2021-06-15,Jun-21,24,0,Lean
2021-06-16,Jun-21,24,0,Lean
2021-06-17,Jun-21,24,0,Peak
2021-06-18,Jun-21,24,0,Lean
2021-06-19,Jun-21,24,1,Stable
2021-06-20,Jun-21,24,1,Stable
2021-06-21,Jun-21,25,0,Lean
2021-06-22,Jun-21,25,0,Peak
2021-06-23,Jun-21,25,0,Peak
2021-06-24,Jun-21,25,0,Lean
2021-06-25,Jun-21,25,0,Stable
2021-06-26,Jun-21,25,0,Stable
2021-06-27,Jun-21,25,0,Peak
2021-06-28,Jun-21,26,0,Stable
2021-06-29,Jun-21,26,0,Stable
2021-06-30,Jun-21,26,0,Lean
2021-07-01,Jul-21,26,0,Peak
2021-07-02,Jul-21,26,0,Stable
2021-07-03,Jul-21,26,0,Stable
2021-07-04,Jul-21,26,0,Peak
2021-07-05,Jul-21,27,0,Lean
2021-07-06,Jul-21,27,0,Stable
2021-07-07,Jul-21,27,1,Peak
2021-07-08,Jul-21,27,0,Peak
2021-07-09,Jul-21,27,1,Lean
2021-07-10,Jul-21,27,0,Peak
2021-07-11,Jul-21,27,0,Peak
2021-07-12,Jul-21,28,0,Stable
2021-07-13,Jul-21,28,0,Peak
2021-07-14,Jul-21,28,1,Peak
2021-07-15,Jul-21,28,0,Lean
2021-07-16,Jul-21,28,0,Stable
2021-07-17,Jul-21,28,0,Peak
2021-07-18,Jul-21,28,0,Stable
2021-07-19,Jul-21,29,0,Lean
2021-07-20,Jul-21,29,0,Stable
2021-07-21,Jul-21,29,1,Lean
2021-07-22,Jul-21,29,0,Peak
2021-07-23,Jul-21,29,1,Peak
2021-07-24,Jul-21,29,0,Peak
2021-07-25,Jul-21,29,0,Stable
2021-07-26,Jul-21,30,0,Peak
2021-07-27,Jul-21,30,0,Peak
2021-07-28,Jul-21,30,0,Stable
2021-07-29,Jul-21,30,0,Peak
2021-07-30,Jul-21,30,0,Peak
2021-07-31,Jul-21,30,1,Peak
2021-08-01,Aug-21,30,1,Peak
2021-08-02,Aug-21,31,1,Lean
2021-08-03,Aug-21,31,0,Stable
2021-08-04,Aug-21,31,0,Stable
2021-08-05,Aug-21,31,0,Lean
2021-08-06,Aug-21,31,0,Peak
2021-08-07,Aug-21,31,1,Peak
2021-08-08,Aug-21,31,0,Stable
2021-08-09,Aug-21,32,0,Lean
2021-08-10,Aug-21,32,0,Peak
2021-08-11,Aug-21,32,0,Stable
2021-08-12,Aug-21,32,0,Stable
2021-08-13,Aug-21,32,0,Stable
2021-08-14,Aug-21,32,0,Peak
2021-08-15,Aug-21,32,0,Peak
2021-08-16,Aug-21,33,1,Stable
2021-08-17,Aug-21,33,0,Lean
2021-08-18,Aug-21,33,0,Peak
2021-08-19,Aug-21,33,0,Peak
2021-08-20,Aug-21,33,1,Lean
2021-08-21,Aug-21,33,0,Lean
2021-08-22,Aug-21,33,0,Stable
2021-08-23,Aug-21,34,0,Stable
2021-08-24,Aug-21,34,0,Stable
2021-08-25,Aug-21,34,0,Stable
2021-08-26,Aug-21,34,1,Lean
2021-08-27,Aug-21,34,1,Lean
2021-08-28,Aug-21,34,0,Stable
2021-08-29,Aug-21,34,0,Peak
2021-08-30,Aug-21,35,0,Lean
2021-08-31,Aug-21,35,0,Stable
2021-09-01,Sep-21,35,0,Peak
2021-09-02,Sep-21,35,0,Lean
2021-09-03,Sep-21,35,0,Peak
2021-09-04,Sep-21,35,0,Lean
2021-09-05,Sep-21,35,0,Peak
2021-09-06,Sep-21,36,1,Lean
2021-09-07,Sep-21,36,0,Stable
2021-09-08,Sep-21,36,1,Stable
2021-09-09,Sep-21,36,0,Lean
2021-09-10,Sep-21,36,0,Lean
2021-09-11,Sep-21,36,0,Peak
2021-09-12,Sep-21,36,0,Lean
2021-09-13,Sep-21,37,0,Stable
2021-09-14,Sep-21,37,0,Lean
2021-09-15,Sep-21,37,0,Peak
2021-09-16,Sep-21,37,0,Peak
2021-09-17,Sep-21,37,0,Peak
2021-09-18,Sep-21,37,0,Lean
2021-09-19,Sep-21,37,1,Lean
2021-09-20,Sep-21,38,0,Lean
2021-09-21,Sep-21,38,0,Lean
2021-09-22,Sep-21,38,0,Stable
2021-09-23,Sep-21,38,0,Peak
2021-09-24,Sep-21,38,1,Peak
2021-09-25,Sep-21,38,0,Lean
2021-09-26,Sep-21,38,0,Lean
2021-09-27,Sep-21,39,0,Lean
2021-09-28,Sep-21,39,1,Peak
2021-09-29,Sep-21,39,1,Stable
2021-09-30,Sep-21,39,0,Stable
2021-10-01,Oct-21,39,0,Peak
2021-10-02,Oct-21,39,0,Stable
2021-10-03,Oct-21,39,0,Peak
2021-10-04,Oct-21,40,0,Stable
2021-10-05,Oct-21,40,0,Peak
2021-10-06,Oct-21,40,1,Peak
2021-10-07,Oct-21,40,1,Lean
2021-10-08,Oct-21,40,0,Peak
2021-10-09,Oct-21,40,0,Peak
2021-10-10,Oct-21,40,0,Peak
2021-10-11,Oct-21,41,1,Stable
2021-10-12,Oct-21,41,0,Lean
2021-10-13,Oct-21,41,1,Stable
2021-10-14,Oct-21,41,0,Stable
2021-10-15,Oct-21,41,1,Peak
2021-10-16,Oct-21,41,0,Lean
2021-10-17,Oct-21,41,0,Stable
2021-10-18,Oct-21,42,0,Lean
2021-10-19,Oct-21,42,0,Stable
2021-10-20,Oct-21,42,0,Peak
2021-10-21,Oct-21,42,0,Lean
2021-10-22,Oct-21,42,0,Lean
2021-10-23,Oct-21,42,0,Lean
2021-10-24,Oct-21,42,0,Lean
2021-10-25,Oct-21,43,0,Lean
2021-10-26,Oct-21,43,0,Lean
2021-10-27,Oct-21,43,0,Peak
2021-10-28,Oct-21,43,0,Lean
2021-10-29,Oct-21,43,0,Lean
2021-10-30,Oct-21,43,1,Peak
2021-10-31,Oct-21,43,0,Peak
2021-11-01,Nov-21,44,0,Peak
2021-11-02,Nov-21,44,0,Lean
2021-11-03,Nov-21,44,0,Stable
2021-11-04,Nov-21,44,0,Peak
2021-11-05,Nov-21,44,0,Peak
2021-11-06,Nov-21,44,1,Lean
2021-11-07,Nov-21,44,0,Peak
2021-11-08,Nov-21,45,0,Peak
2021-11-09,Nov-21,45,0,Stable
2021-11-10,Nov-21,45,1,Lean
2021-11-11,Nov-21,45,0,Peak
2021-11-12,Nov-21,45,0,Peak
2021-11-13,Nov-21,45,1,Stable
2021-11-14,Nov-21,45,0,Stable
2021-11-15,Nov-21,46,0,Lean
2021-11-16,Nov-21,46,0,Lean
2021-11-17,Nov-21,46,0,Peak
2021-11-18,Nov-21,46,0,Lean
2021-11-19,Nov-21,46,1,Lean
2021-11-20,Nov-21,46,0,Stable
2021-11-21,Nov-21,46,0,Stable
2021-11-22,Nov-21,47,0,Lean
2021-11-23,Nov-21,47,0,Peak
2021-11-24,Nov-21,47,1,Lean
2021-11-25,Nov-21,47,0,Stable
2021-11-26,Nov-21,47,0,Peak
2021-11-27,Nov-21,47,0,Stable
2021-11-28,Nov-21,47,0,Peak
2021-11-29,Nov-21,48,0,Lean
2021-11-30,Nov-21,48,0,Stable
2021-12-01,Dec-21,48,0,Peak
2021-12-02,Dec-21,48,1,Stable
2021-12-03,Dec-21,48,0,Lean
2021-12-04,Dec-21,48,0,Stable
2021-12-05,Dec-21,48,0,Lean
2021-12-06,Dec-21,49,0,Lean
2021-12-07,Dec-21,49,0,Stable
2021-12-08,Dec-21,49,0,Stable
2021-12-09,Dec-21,49,1,Lean
2021-12-10,Dec-21,49,0,Peak
2021-12-11,Dec-21,49,1,Stable
2021-12-12,Dec-21,49,0,Stable
2021-12-13,Dec-21,50,0,Stable
2021-12-14,Dec-21,50,0,Stable
2021-12-15,Dec-21,50,1,Lean
2021-12-16,Dec-21,50,0,Stable
2021-12-17,Dec-21,50,0,Stable
2021-12-18,Dec-21,50,0,Lean
2021-12-19,Dec-21,50,0,Lean
2021-12-20,Dec-21,51,1,Stable
2021-12-21,Dec-21,51,1,Lean
2021-12-22,Dec-21,51,0,Peak
2021-12-23,Dec-21,51,0,Lean
2021-12-24,Dec-21,51,1,Peak
2021-12-25,Dec-21,51,0,Lean
2021-12-26,Dec-21,51,0,Peak
2021-12-27,Dec-21,52,1,Lean
2021-12-28,Dec-21,52,0,Stable
2021-12-29,Dec-21,52,1,Stable
2021-12-30,Dec-21,52,0,Stable
2021-12-31,Dec-21,52,0,Peak
2022-01-01,Jan-22,52,1,Lean
2022-01-02,Jan-22,52,1,Peak
2022-01-03,Jan-22,1,0,Peak
2022-01-04,Jan-22,1,0,Peak
2022-01-05,Jan-22,1,0,Peak
2022-01-06,Jan-22,1,1,Stable
2022-01-07,Jan-22,1,0,Lean
2022-01-08,Jan-22,1,0,Stable
2022-01-09,Jan-22,1,1,Lean
2022-01-10,Jan-22,2,0,Peak
2022-01-11,Jan-22,2,0,Peak
2022-01-12,Jan-22,2,1,Lean
2022-01-13,Jan-22,2,1,Lean
2022-01-14,Jan-22,2,1,Peak
2022-01-15,Jan-22,2,0,Stable
2022-01-16,Jan-22,2,0,Lean
2022-01-17,Jan-22,3,1,Lean
2022-01-18,Jan-22,3,0,Peak
2022-01-19,Jan-22,3,0,Peak
2022-01-20,Jan-22,3,0,Stable
2022-01-21,Jan-22,3,0,Stable
2022-01-22,Jan-22,3,1,Stable
2022-01-23,Jan-22,3,0,Stable
2022-01-24,Jan-22,4,0,Peak
2022-01-25,Jan-22,4,1,Stable
2022-01-26,Jan-22,4,0,Stable
2022-01-27,Jan-22,4,0,Peak
2022-01-28,Jan-22,4,0,Stable
2022-01-29,Jan-22,4,1,Peak
2022-01-30,Jan-22,4,0,Peak
2022-01-31,Jan-22,5,0,Lean
2022-02-01,Feb-22,5,0,Lean
2022-02-02,Feb-22,5,0,Peak
2022-02-03,Feb-22,5,0,Peak
2022-02-04,Feb-22,5,1,Peak
2022-02-05,Feb-22,5,0,Stable
2022-02-06,Feb-22,5,1,Lean
2022-02-07,Feb-22,6,0,Stable
2022-02-08,Feb-22,6,0,Peak
2022-02-09,Feb-22,6,1,Lean
2022-02-10,Feb-22,6,0,Peak
2022-02-11,Feb-22,6,1,Stable
2022-02-12,Feb-22,6,0,Lean
2022-02-13,Feb-22,6,0,Peak
2022-02-14,Feb-22,7,1,Stable
2022-02-15,Feb-22,7,0,Stable
2022-02-16,Feb-22,7,0,Peak
2022-02-17,Feb-22,7,1,Stable
2022-02-18,Feb-22,7,0,Stable
2022-02-19,Feb-22,7,0,Lean
2022-02-20,Feb-22,7,1,Stable
2022-02-21,Feb-22,8,0,Lean
2022-02-22,Feb-22,8,0,Lean
2022-02-23,Feb-22,8,0,Peak
2022-02-24,Feb-22,8,1,Peak
2022-02-25,Feb-22,8,1,Peak
2022-02-26,Feb-22,8,0,Lean
2022-02-27,Feb-22,8,0,Peak
2022-02-28,Feb-22,9,0,Peak
2022-03-01,Mar-22,9,0,Peak
2022-03-02,Mar-22,9,0,Lean
2022-03-03,Mar-22,9,1,Lean
2022-03-04,Mar-22,9,0,Stable
2022-03-05,Mar-22,9,1,Lean
2022-03-06,Mar-22,9,0,Lean
2022-03-07,Mar-22,10,0,Peak
2022-03-08,Mar-22,10,0,Stable
2022-03-09,Mar-22,10,0,Stable
2022-03-10,Mar-22,10,0,Peak
2022-03-11,Mar-22,10,0,Stable
2022-03-12,Mar-22,10,1,Peak
2022-03-13,Mar-22,10,1,Lean
2022-03-14,Mar-22,11,0,Peak
2022-03-15,Mar-22,11,0,Stable
2022-03-16,Mar-22,11,1,Lean
2022-03-17,Mar-22,11,0,Peak
2022-03-18,Mar-22,11,0,Stable
2022-03-19,Mar-22,11,0,Stable
2022-03-20,Mar-22,11,0,Stable
2022-03-21,Mar-22,12,0,Lean
2022-03-22,Mar-22,12,0,Peak
2022-03-23,Mar-22,12,0,Peak
2022-03-24,Mar-22,12,0,Lean
2022-03-25,Mar-22,12,0,Lean
2022-03-26,Mar-22,12,1,Peak
2022-03-27,Mar-22,12,1,Stable
2022-03-28,Mar-22,13,1,Lean
2022-03-29,Mar-22,13,0,Lean
2022-03-30,Mar-22,13,0,Lean
2022-03-31,Mar-22,13,0,Lean
2022-04-01,Apr-22,13,0,Stable
2022-04-02,Apr-22,13,0,Lean
2022-04-03,Apr-22,13,0,Lean
2022-04-04,Apr-22,14,1,Stable
2022-04-05,Apr-22,14,1,Lean
2022-04-06,Apr-22,14,0,Lean
2022-04-07,Apr-22,14,0,Stable
2022-04-08,Apr-22,14,0,Peak
2022-04-09,Apr-22,14,1,Stable
2022-04-10,Apr-22,14,0,Peak
2022-04-11,Apr-22,15,0,Peak
2022-04-12,Apr-22,15,0,Lean
2022-04-13,Apr-22,15,0,Stable
2022-04-14,Apr-22,15,0,Peak
2022-04-15,Apr-22,15,1,Stable
2022-04-16,Apr-22,15,0,Peak
2022-04-17,Apr-22,15,0,Lean
2022-04-18,Apr-22,16,0,Lean
2022-04-19,Apr-22,16,0,Peak
2022-04-20,Apr-22,16,0,Peak
2022-04-21,Apr-22,16,0,Peak
2022-04-22,Apr-22,16,0,Stable
2022-04-23,Apr-22,16,0,Peak
2022-04-24,Apr-22,16,0,Stable
2022-04-25,Apr-22,17,0,Stable
2022-04-26,Apr-22,17,0,Peak
2022-04-27,Apr-22,17,0,Lean
2022-04-28,Apr-22,17,0,Lean
2022-04-29,Apr-22,17,1,Peak
2022-04-30,Apr-22,17,0,Lean
2022-05-01,May-22,17,0,Lean
2022-05-02,May-22,18,0,Stable
2022-05-03,May-22,18,1,Peak
2022-05-04,May-22,18,0,Stable
2022-05-05,May-22,18,0,Lean
2022-05-06,May-22,18,1,Peak
2022-05-07,May-22,18,0,Peak
2022-05-08,May-22,18,0,Stable
2022-05-09,May-22,19,0,Stable
2022-05-10,May-22,19,0,Stable
2022-05-11,May-22,19,0,Peak
2022-05-12,May-22,19,0,Peak
2022-05-13,May-22,19,1,Stable
2022-05-14,May-22,19,0,Stable
2022-05-15,May-22,19,1,Peak
2022-05-16,May-22,20,0,Peak
2022-05-17,May-22,20,0,Peak
2022-05-18,May-22,20,0,Peak
2022-05-19,May-22,20,1,Peak
2022-05-20,May-22,20,0,Stable
2022-05-21,May-22,20,0,Stable
2022-05-22,May-22,20,0,Stable
2022-05-23,May-22,21,0,Lean
2022-05-24,May-22,21,0,Lean
2022-05-25,May-22,21,1,Peak
2022-05-26,May-22,21,0,Peak
2022-05-27,May-22,21,0,Stable
2022-05-28,May-22,21,0,Peak
2022-05-29,May-22,21,0,Lean
2022-05-30,May-22,22,0,Lean
2022-05-31,May-22,22,0,Stable
2022-06-01,Jun-22,22,0,Lean
2022-06-02,Jun-22,22,0,Stable
2022-06-03,Jun-22,22,0,Stable
2022-06-04,Jun-22,22,0,Stable
2022-06-05,Jun-22,22,1,Stable
2022-06-06,Jun-22,23,0,Stable
2022-06-07,Jun-22,23,0,Stable
2022-06-08,Jun-22,23,1,Peak
2022-06-09,Jun-22,23,0,Lean
2022-06-10,Jun-22,23,0,Stable
2022-06-11,Jun-22,23,0,Peak
2022-06-12,Jun-22,23,0,Stable
2022-06-13,Jun-22,24,0,Lean
2022-06-14,Jun-22,24,0,Peak
2022-06-15,Jun-22,24,0,Lean
2022-06-16,Jun-22,24,0,Peak
2022-06-17,Jun-22,24,0,Peak
2022-06-18,Jun-22,24,0,Peak
2022-06-19,Jun-22,24,0,Lean
2022-06-20,Jun-22,25,0,Peak
2022-06-21,Jun-22,25,0,Lean
2022-06-22,Jun-22,25,0,Stable
2022-06-23,Jun-22,25,1,Stable
2022-06-24,Jun-22,25,1,Peak
2022-06-25,Jun-22,25,0,Lean
2022-06-26,Jun-22,25,1,Lean
2022-06-27,Jun-22,26,0,Lean
2022-06-28,Jun-22,26,0,Lean
2022-06-29,Jun-22,26,1,Lean
2022-06-30,Jun-22,26,0,Stable
2022-07-01,Jul-22,26,1,Peak
2022-07-02,Jul-22,26,0,Peak
2022-07-03,Jul-22,26,0,Lean
2022-07-04,Jul-22,27,0,Lean
2022-07-05,Jul-22,27,0,Lean
2022-07-06,Jul-22,27,1,Peak
2022-07-07,Jul-22,27,0,Lean
2022-07-08,Jul-22,27,0,Stable
2022-07-09,Jul-22,27,1,Lean
2022-07-10,Jul-22,27,0,Peak
2022-07-11,Jul-22,28,0,Peak
2022-07-12,Jul-22,28,0,Stable
2022-07-13,Jul-22,28,0,Lean
2022-07-14,Jul-22,28,0,Lean
2022-07-15,Jul-22,28,0,Stable
2022-07-16,Jul-22,28,0,Peak
2022-07-17,Jul-22,28,0,Stable
2022-07-18,Jul-22,29,0,Lean
2022-07-19,Jul-22,29,0,Peak
2022-07-20,Jul-22,29,0,Stable
2022-07-21,Jul-22,29,0,Peak
2022-07-22,Jul-22,29,0,Peak
2022-07-23,Jul-22,29,0,Lean
2022-07-24,Jul-22,29,0,Peak
2022-07-25,Jul-22,30,0,Stable
2022-07-26,Jul-22,30,0,Lean
2022-07-27,Jul-22,30,0,Stable
2022-07-28,Jul-22,30,0,Stable
2022-07-29,Jul-22,30,0,Peak
2022-07-30,Jul-22,30,0,Lean
2022-07-31,Jul-22,30,0,Peak
2022-08-01,Aug-22,31,0,Lean
2022-08-02,Aug-22,31,1,Lean
2022-08-03,Aug-22,31,0,Lean
2022-08-04,Aug-22,31,0,Stable
2022-08-05,Aug-22,31,0,Stable
2022-08-06,Aug-22,31,0,Lean
2022-08-07,Aug-22,31,0,Stable
2022-08-08,Aug-22,32,1,Lean
2022-08-09,Aug-22,32,0,Lean
2022-08-10,Aug-22,32,0,Lean
2022-08-11,Aug-22,32,0,Stable
2022-08-12,Aug-22,32,1,Stable
2022-08-13,Aug-22,32,0,Peak
2022-08-14,Aug-22,32,1,Stable
2022-08-15,Aug-22,33,0,Stable
2022-08-16,Aug-22,33,0,Lean
2022-08-17,Aug-22,33,0,Lean
2022-08-18,Aug-22,33,0,Stable
2022-08-19,Aug-22,33,0,Stable
2022-08-20,Aug-22,33,0,Peak
2022-08-21,Aug-22,33,0,Peak
2022-08-22,Aug-22,34,0,Peak
2022-08-23,Aug-22,34,1,Peak
2022-08-24,Aug-22,34,0,Stable
2022-08-25,Aug-22,34,0,Lean
2022-08-26,Aug-22,34,1,Stable
2022-08-27,Aug-22,34,0,Lean
2022-08-28,Aug-22,34,0,Stable
2022-08-29,Aug-22,35,1,Stable
2022-08-30,Aug-22,35,0,Stable
2022-08-31,Aug-22,35,1,Stable
2022-09-01,Sep-22,35,1,Lean
2022-09-02,Sep-22,35,0,Stable
2022-09-03,Sep-22,35,0,Lean
2022-09-04,Sep-22,35,1,Lean
2022-09-05,Sep-22,36,0,Peak
2022-09-06,Sep-22,36,1,Stable
2022-09-07,Sep-22,36,0,Stable
2022-09-08,Sep-22,36,0,Stable
2022-09-09,Sep-22,36,1,Peak
2022-09-10,Sep-22,36,0,Lean
2022-09-11,Sep-22,36,0,Lean
2022-09-12,Sep-22,37,1,Lean
2022-09-13,Sep-22,37,0,Peak
2022-09-14,Sep-22,37,0,Lean
2022-09-15,Sep-22,37,1,Lean
2022-09-16,Sep-22,37,0,Peak
2022-09-17,Sep-22,37,0,Peak
2022-09-18,Sep-22,37,0,Stable
2022-09-19,Sep-22,38,0,Stable
2022-09-20,Sep-22,38,0,Peak
2022-09-21,Sep-22,38,1,Peak
2022-09-22,Sep-22,38,0,Lean
2022-09-23,Sep-22,38,0,Stable
2022-09-24,Sep-22,38,0,Peak
2022-09-25,Sep-22,38,1,Stable
2022-09-26,Sep-22,39,1,Peak
2022-09-27,Sep-22,39,1,Lean
2022-09-28,Sep-22,39,0,Lean
2022-09-29,Sep-22,39,0,Peak
2022-09-30,Sep-22,39,1,Peak
2022-10-01,Oct-22,39,0,Lean
2022-10-02,Oct-22,39,0,Peak
2022-10-03,Oct-22,40,0,Peak
2022-10-04,Oct-22,40,1,Stable
2022-10-05,Oct-22,40,0,Peak
2022-10-06,Oct-22,40,1,Peak
2022-10-07,Oct-22,40,0,Lean
2022-10-08,Oct-22,40,0,Peak
2022-10-09,Oct-22,40,0,Stable
2022-10-10,Oct-22,41,0,Stable
2022-10-11,Oct-22,41,0,Stable
2022-10-12,Oct-22,41,0,Stable
2022-10-13,Oct-22,41,1,Peak
2022-10-14,Oct-22,41,0,Lean
2022-10-15,Oct-22,41,1,Lean
2022-10-16,Oct-22,41,0,Peak
2022-10-17,Oct-22,42,0,Peak
2022-10-18,Oct-22,42,0,Stable
2022-10-19,Oct-22,42,0,Stable
2022-10-20,Oct-22,42,0,Lean
2022-10-21,Oct-22,42,1,Stable
2022-10-22,Oct-22,42,0,Lean
2022-10-23,Oct-22,42,0,Peak
2022-10-24,Oct-22,43,0,Peak
2022-10-25,Oct-22,43,0,Peak
2022-10-26,Oct-22,43,0,Stable
2022-10-27,Oct-22,43,0,Peak
2022-10-28,Oct-22,43,0,Stable
2022-10-29,Oct-22,43,0,Lean
2022-10-30,Oct-22,43,1,Stable
2022-10-31,Oct-22,44,0,Peak
2022-11-01,Nov-22,44,0,Peak
2022-11-02,Nov-22,44,0,Lean
2022-11-03,Nov-22,44,0,Lean
2022-11-04,Nov-22,44,0,Stable
2022-11-05,Nov-22,44,0,Lean
2022-11-06,Nov-22,44,1,Peak
2022-11-07,Nov-22,45,0,Stable
2022-11-08,Nov-22,45,0,Peak
2022-11-09,Nov-22,45,0,Lean
2022-11-10,Nov-22,45,1,Lean
2022-11-11,Nov-22,45,0,Stable
2022-11-12,Nov-22,45,0,Lean
2022-11-13,Nov-22,45,0,Lean
2022-11-14,Nov-22,46,0,Peak
2022-11-15,Nov-22,46,1,Stable
2022-11-16,Nov-22,46,0,Lean
2022-11-17,Nov-22,46,0,Peak
2022-11-18,Nov-22,46,0,Lean
2022-11-19,Nov-22,46,0,Stable
2022-11-20,Nov-22,46,0,Stable
2022-11-21,Nov-22,47,0,Lean
2022-11-22,Nov-22,47,1,Peak
2022-11-23,Nov-22,47,0,Lean
2022-11-24,Nov-22,47,0,Stable
2022-11-25,Nov-22,47,0,Lean
2022-11-26,Nov-22,47,0,Stable
2022-11-27,Nov-22,47,0,Peak
2022-11-28,Nov-22,48,0,Lean
2022-11-29,Nov-22,48,0,Lean
2022-11-30,Nov-22,48,0,Stable
2022-12-01,Dec-22,48,0,Peak
2022-12-02,Dec-22,48,0,Stable
2022-12-03,Dec-22,48,0,Peak
2022-12-04,Dec-22,48,0,Peak
2022-12-05,Dec-22,49,0,Stable
2022-12-06,Dec-22,49,1,Peak
2022-12-07,Dec-22,49,0,Peak
2022-12-08,Dec-22,49,0,Stable
2022-12-09,Dec-22,49,0,Stable
2022-12-10,Dec-22,49,0,Peak
2022-12-11,Dec-22,49,0,Lean
2022-12-12,Dec-22,50,0,Lean
2022-12-13,Dec-22,50,1,Stable
2022-12-14,Dec-22,50,0,Lean
2022-12-15,Dec-22,50,1,Lean
2022-12-16,Dec-22,50,1,Stable
2022-12-17,Dec-22,50,0,Lean
2022-12-18,Dec-22,50,1,Lean
2022-12-19,Dec-22,51,0,Lean
2022-12-20,Dec-22,51,1,Stable
2022-12-21,Dec-22,51,0,Peak
2022-12-22,Dec-22,51,0,Lean
2022-12-23,Dec-22,51,0,Lean
2022-12-24,Dec-22,51,0,Lean
2022-12-25,Dec-22,51,0,Lean
2022-12-26,Dec-22,52,0,Peak
2022-12-27,Dec-22,52,0,Stable
2022-12-28,Dec-22,52,0,Lean
2022-12-29,Dec-22,52,0,Stable
2022-12-30,Dec-22,52,1,Peak
2022-12-31,Dec-22,52,0,Stable
2023-01-01,Jan-23,52,0,Peak
2023-01-02,Jan-23,1,0,Peak
2023-01-03,Jan-23,1,0,Peak
2023-01-04,Jan-23,1,1,Peak
2023-01-05,Jan-23,1,0,Lean
2023-01-06,Jan-23,1,0,Peak
2023-01-07,Jan-23,1,0,Stable
2023-01-08,Jan-23,1,0,Stable
2023-01-09,Jan-23,2,0,Lean
2023-01-10,Jan-23,2,1,Peak
2023-01-11,Jan-23,2,0,Peak
2023-01-12,Jan-23,2,0,Lean
2023-01-13,Jan-23,2,0,Stable
2023-01-14,Jan-23,2,0,Stable
2023-01-15,Jan-23,2,0,Stable
2023-01-16,Jan-23,3,0,Stable
2023-01-17,Jan-23,3,0,Stable
2023-01-18,Jan-23,3,1,Peak
2023-01-19,Jan-23,3,0,Stable
2023-01-20,Jan-23,3,0,Stable
2023-01-21,Jan-23,3,0,Stable
2023-01-22,Jan-23,3,0,Peak
2023-01-23,Jan-23,4,1,Peak
2023-01-24,Jan-23,4,0,Lean
2023-01-25,Jan-23,4,1,Stable
2023-01-26,Jan-23,4,0,Lean
2023-01-27,Jan-23,4,0,Lean
2023-01-28,Jan-23,4,1,Stable
2023-01-29,Jan-23,4,0,Peak
2023-01-30,Jan-23,5,0,Stable
2023-01-31,Jan-23,5,0,Stable
2023-02-01,Feb-23,5,1,Peak
2023-02-02,Feb-23,5,0,Stable
2023-02-03,Feb-23,5,0,Stable
2023-02-04,Feb-23,5,0,Peak
2023-02-05,Feb-23,5,0,Stable
2023-02-06,Feb-23,6,0,Stable
2023-02-07,Feb-23,6,0,Stable
2023-02-08,Feb-23,6,0,Stable
2023-02-09,Feb-23,6,0,Lean
2023-02-10,Feb-23,6,0,Peak
2023-02-11,Feb-23,6,0,Stable
2023-02-12,Feb-23,6,1,Stable
2023-02-13,Feb-23,7,1,Stable
2023-02-14,Feb-23,7,0,Peak
2023-02-15,Feb-23,7,0,Peak
2023-02-16,Feb-23,7,0,Stable
2023-02-17,Feb-23,7,0,Stable
2023-02-18,Feb-23,7,0,Stable
2023-02-19,Feb-23,7,0,Peak
2023-02-20,Feb-23,8,0,Stable
2023-02-21,Feb-23,8,1,Lean
2023-02-22,Feb-23,8,0,Stable
2023-02-23,Feb-23,8,0,Peak
2023-02-24,Feb-23,8,0,Lean
2023-02-25,Feb-23,8,0,Peak
2023-02-26,Feb-23,8,0,Stable
2023-02-27,Feb-23,9,1,Stable
2023-02-28,Feb-23,9,1,Stable
2023-03-01,Mar-23,9,1,Peak
2023-03-02,Mar-23,9,0,Stable
2023-03-03,Mar-23,9,0,Stable
2023-03-04,Mar-23,9,0,Stable
2023-03-05,Mar-23,9,0,Peak
2023-03-06,Mar-23,10,0,Peak
2023-03-07,Mar-23,10,0,Stable
2023-03-08,Mar-23,10,0,Stable
2023-03-09,Mar-23,10,0,Stable
2023-03-10,Mar-23,10,0,Peak
2023-03-11,Mar-23,10,1,Peak
2023-03-12,Mar-23,10,1,Peak
2023-03-13,Mar-23,11,0,Peak
2023-03-14,Mar-23,11,0,Peak
2023-03-15,Mar-23,11,0,Stable
2023-03-16,Mar-23,11,0,Lean
2023-03-17,Mar-23,11,0,Stable
2023-03-18,Mar-23,11,0,Peak
2023-03-19,Mar-23,11,1,Stable
2023-03-20,Mar-23,12,0,Lean
2023-03-21,Mar-23,12,1,Peak
2023-03-22,Mar-23,12,0,Lean
2023-03-23,Mar-23,12,0,Lean
2023-03-24,Mar-23,12,0,Lean
2023-03-25,Mar-23,12,0,Lean
2023-03-26,Mar-23,12,0,Peak
2023-03-27,Mar-23,13,0,Stable
2023-03-28,Mar-23,13,0,Peak
2023-03-29,Mar-23,13,0,Stable
2023-03-30,Mar-23,13,0,Stable
2023-03-31,Mar-23,13,0,Lean
2023-04-01,Apr-23,13,0,Peak
2023-04-02,Apr-23,13,0,Peak
2023-04-03,Apr-23,14,0,Stable
2023-04-04,Apr-23,14,0,Peak
2023-04-05,Apr-23,14,1,Stable
2023-04-06,Apr-23,14,1,Lean
2023-04-07,Apr-23,14,0,Peak
2023-04-08,Apr-23,14,1,Peak
2023-04-09,Apr-23,14,0,Stable
2023-04-10,Apr-23,15,0,Stable
2023-04-11,Apr-23,15,0,Stable
2023-04-12,Apr-23,15,0,Peak
2023-04-13,Apr-23,15,0,Peak
2023-04-14,Apr-23,15,1,Stable
2023-04-15,Apr-23,15,0,Lean
2023-04-16,Apr-23,15,0,Lean
2023-04-17,Apr-23,16,1,Lean
2023-04-18,Apr-23,16,0,Peak
2023-04-19,Apr-23,16,1,Peak
2023-04-20,Apr-23,16,0,Peak
2023-04-21,Apr-23,16,0,Stable
2023-04-22,Apr-23,16,0,Lean
2023-04-23,Apr-23,16,1,Stable
2023-04-24,Apr-23,17,0,Lean
2023-04-25,Apr-23,17,0,Stable
2023-04-26,Apr-23,17,0,Peak
2023-04-27,Apr-23,17,0,Lean
2023-04-28,Apr-23,17,0,Stable
2023-04-29,Apr-23,17,0,Stable
2023-04-30,Apr-23,17,0,Peak
2023-05-01,May-23,18,1,Lean
2023-05-02,May-23,18,0,Stable
2023-05-03,May-23,18,0,Lean
2023-05-04,May-23,18,1,Peak
2023-05-05,May-23,18,1,Stable
2023-05-06,May-23,18,0,Peak
2023-05-07,May-23,18,1,Stable
2023-05-08,May-23,19,1,Stable
2023-05-09,May-23,19,0,Lean
2023-05-10,May-23,19,0,Peak
2023-05-11,May-23,19,1,Lean
2023-05-12,May-23,19,0,Peak
2023-05-13,May-23,19,1,Lean
2023-05-14,May-23,19,0,Stable
2023-05-15,May-23,20,0,Lean
2023-05-16,May-23,20,1,Lean
2023-05-17,May-23,20,0,Stable
2023-05-18,May-23,20,1,Peak
2023-05-19,May-23,20,0,Stable
2023-05-20,May-23,20,0,Peak
2023-05-21,May-23,20,0,Lean
2023-05-22,May-23,21,0,Stable
2023-05-23,May-23,21,1,Lean
2023-05-24,May-23,21,1,Stable
2023-05-25,May-23,21,0,Stable
2023-05-26,May-23,21,0,Stable
2023-05-27,May-23,21,1,Lean
2023-05-28,May-23,21,1,Lean
2023-05-29,May-23,22,0,Peak
2023-05-30,May-23,22,0,Lean
2023-05-31,May-23,22,0,Peak
2023-06-01,Jun-23,22,0,Stable
2023-06-02,Jun-23,22,0,Lean
2023-06-03,Jun-23,22,0,Lean
2023-06-04,Jun-23,22,0,Peak
2023-06-05,Jun-23,23,0,Stable
2023-06-06,Jun-23,23,0,Lean
2023-06-07,Jun-23,23,1,Peak
2023-06-08,Jun-23,23,0,Stable
2023-06-09,Jun-23,23,0,Lean
2023-06-10,Jun-23,23,1,Peak
2023-06-11,Jun-23,23,1,Peak
2023-06-12,Jun-23,24,0,Lean
2023-06-13,Jun-23,24,0,Peak
2023-06-14,Jun-23,24,1,Peak
2023-06-15,Jun-23,24,0,Peak
2023-06-16,Jun-23,24,0,Stable
2023-06-17,Jun-23,24,0,Peak
2023-06-18,Jun-23,24,0,Peak
2023-06-19,Jun-23,25,0,Peak
2023-06-20,Jun-23,25,0,Lean
2023-06-21,Jun-23,25,1,Stable
2023-06-22,Jun-23,25,0,Lean
2023-06-23,Jun-23,25,1,Stable
2023-06-24,Jun-23,25,0,Peak
2023-06-25,Jun-23,25,0,Peak
2023-06-26,Jun-23,26,0,Peak
2023-06-27,Jun-23,26,0,Peak
2023-06-28,Jun-23,26,0,Peak
2023-06-29,Jun-23,26,0,Lean
2023-06-30,Jun-23,26,0,Stable
2023-07-01,Jul-23,26,0,Stable
2023-07-02,Jul-23,26,1,Stable
2023-07-03,Jul-23,27,0,Lean
2023-07-04,Jul-23,27,0,Stable
2023-07-05,Jul-23,27,0,Lean
2023-07-06,Jul-23,27,0,Stable
2023-07-07,Jul-23,27,0,Stable
2023-07-08,Jul-23,27,0,Stable
2023-07-09,Jul-23,27,0,Peak
2023-07-10,Jul-23,28,0,Peak
2023-07-11,Jul-23,28,0,Peak
2023-07-12,Jul-23,28,0,Peak
2023-07-13,Jul-23,28,0,Stable
2023-07-14,Jul-23,28,1,Stable
2023-07-15,Jul-23,28,1,Lean
2023-07-16,Jul-23,28,0,Peak
2023-07-17,Jul-23,29,0,Peak
2023-07-18,Jul-23,29,0,Peak
2023-07-19,Jul-23,29,0,Lean
2023-07-20,Jul-23,29,1,Stable
2023-07-21,Jul-23,29,0,Stable
2023-07-22,Jul-23,29,1,Stable
2023-07-23,Jul-23,29,0,Peak
2023-07-24,Jul-23,30,0,Peak
2023-07-25,Jul-23,30,0,Peak
2023-07-26,Jul-23,30,1,Peak
2023-07-27,Jul-23,30,0,Stable
2023-07-28,Jul-23,30,0,Stable
2023-07-29,Jul-23,30,0,Lean
2023-07-30,Jul-23,30,0,Stable
2023-07-31,Jul-23,31,0,Stable
2023-08-01,Aug-23,31,1,Peak
2023-08-02,Aug-23,31,0,Peak
2023-08-03,Aug-23,31,1,Lean
2023-08-04,Aug-23,31,0,Stable
2023-08-05,Aug-23,31,0,Lean
2023-08-06,Aug-23,31,0,Lean
2023-08-07,Aug-23,32,0,Peak
2023-08-08,Aug-23,32,0,Peak
2023-08-09,Aug-23,32,0,Lean
2023-08-10,Aug-23,32,0,Peak
2023-08-11,Aug-23,32,0,Stable
2023-08-12,Aug-23,32,0,Stable
2023-08-13,Aug-23,32,1,Lean
2023-08-14,Aug-23,33,0,Peak
2023-08-15,Aug-23,33,0,Peak
2023-08-16,Aug-23,33,1,Stable
2023-08-17,Aug-23,33,0,Peak
2023-08-18,Aug-23,33,0,Stable
2023-08-19,Aug-23,33,0,Lean
2023-08-20,Aug-23,33,1,Peak
2023-08-21,Aug-23,34,0,Lean
2023-08-22,Aug-23,34,1,Stable
2023-08-23,Aug-23,34,0,Stable
2023-08-24,Aug-23,34,1,Peak
2023-08-25,Aug-23,34,1,Stable
2023-08-26,Aug-23,34,0,Peak
2023-08-27,Aug-23,34,0,Peak
2023-08-28,Aug-23,35,0,Stable
2023-08-29,Aug-23,35,0,Peak
2023-08-30,Aug-23,35,0,Peak
2023-08-31,Aug-23,35,0,Lean
2023-09-01,Sep-23,35,0,Stable
2023-09-02,Sep-23,35,0,Stable
2023-09-03,Sep-23,35,0,Lean
2023-09-04,Sep-23,36,0,Peak
2023-09-05,Sep-23,36,0,Lean
2023-09-06,Sep-23,36,0,Stable
2023-09-07,Sep-23,36,0,Peak
2023-09-08,Sep-23,36,0,Stable
2023-09-09,Sep-23,36,0,Lean
2023-09-10,Sep-23,36,1,Stable
2023-09-11,Sep-23,37,1,Peak
2023-09-12,Sep-23,37,0,Lean
2023-09-13,Sep-23,37,0,Lean
2023-09-14,Sep-23,37,0,Stable
2023-09-15,Sep-23,37,1,Stable
2023-09-16,Sep-23,37,0,Lean
2023-09-17,Sep-23,37,1,Stable
2023-09-18,Sep-23,38,1,Peak
2023-09-19,Sep-23,38,0,Stable
2023-09-20,Sep-23,38,0,Stable
2023-09-21,Sep-23,38,0,Peak
2023-09-22,Sep-23,38,0,Lean
2023-09-23,Sep-23,38,0,Stable
2023-09-24,Sep-23,38,0,Peak
2023-09-25,Sep-23,39,0,Lean
2023-09-26,Sep-23,39,1,Stable
2023-09-27,Sep-23,39,1,Stable
2023-09-28,Sep-23,39,0,Lean
2023-09-29,Sep-23,39,0,Peak
2023-09-30,Sep-23,39,1,Stable
2023-10-01,Oct-23,39,0,Stable
2023-10-02,Oct-23,40,0,Stable
2023-10-03,Oct-23,40,0,Peak
2023-10-04,Oct-23,40,0,Stable
2023-10-05,Oct-23,40,0,Stable
2023-10-06,Oct-23,40,0,Lean
2023-10-07,Oct-23,40,0,Lean
2023-10-08,Oct-23,40,0,Lean
2023-10-09,Oct-23,41,0,Stable
2023-10-10,Oct-23,41,0,Stable
2023-10-11,Oct-23,41,0,Peak
2023-10-12,Oct-23,41,0,Lean
2023-10-13,Oct-23,41,1,Lean
2023-10-14,Oct-23,41,0,Peak
2023-10-15,Oct-23,41,0,Lean
2023-10-16,Oct-23,42,0,Stable
2023-10-17,Oct-23,42,0,Peak
2023-10-18,Oct-23,42,0,Peak
2023-10-19,Oct-23,42,0,Stable
2023-10-20,Oct-23,42,0,Stable
2023-10-21,Oct-23,42,1,Lean
2023-10-22,Oct-23,42,0,Stable
2023-10-23,Oct-23,43,0,Stable
2023-10-24,Oct-23,43,0,Lean
2023-10-25,Oct-23,43,0,Peak
2023-10-26,Oct-23,43,0,Stable
2023-10-27,Oct-23,43,0,Peak
2023-10-28,Oct-23,43,1,Lean
2023-10-29,Oct-23,43,1,Peak
2023-10-30,Oct-23,44,1,Peak
2023-10-31,Oct-23,44,1,Peak
2023-11-01,Nov-23,44,1,Stable
2023-11-02,Nov-23,44,1,Peak
2023-11-03,Nov-23,44,1,Peak
2023-11-04,Nov-23,44,1,Stable
2023-11-05,Nov-23,44,0,Peak
2023-11-06,Nov-23,45,0,Lean
2023-11-07,Nov-23,45,0,Stable
2023-11-08,Nov-23,45,0,Stable
2023-11-09,Nov-23,45,0,Peak
2023-11-10,Nov-23,45,1,Lean
2023-11-11,Nov-23,45,0,Lean
2023-11-12,Nov-23,45,0,Stable
2023-11-13,Nov-23,46,0,Peak
2023-11-14,Nov-23,46,1,Lean
2023-11-15,Nov-23,46,0,Lean
2023-11-16,Nov-23,46,0,Stable
2023-11-17,Nov-23,46,0,Lean
2023-11-18,Nov-23,46,0,Peak
2023-11-19,Nov-23,46,0,Peak
2023-11-20,Nov-23,47,0,Stable
2023-11-21,Nov-23,47,1,Lean
2023-11-22,Nov-23,47,1,Peak
2023-11-23,Nov-23,47,0,Stable
2023-11-24,Nov-23,47,1,Stable
2023-11-25,Nov-23,47,0,Stable
2023-11-26,Nov-23,47,1,Lean
2023-11-27,Nov-23,48,0,Peak
2023-11-28,Nov-23,48,0,Peak
2023-11-29,Nov-23,48,0,Lean
2023-11-30,Nov-23,48,0,Lean
2023-12-01,Dec-23,48,0,Lean
2023-12-02,Dec-23,48,0,Stable
2023-12-03,Dec-23,48,0,Lean
2023-12-04,Dec-23,49,0,Peak
2023-12-05,Dec-23,49,0,Peak
2023-12-06,Dec-23,49,1,Peak
2023-12-07,Dec-23,49,0,Peak
2023-12-08,Dec-23,49,0,Peak
2023-12-09,Dec-23,49,0,Lean
2023-12-10,Dec-23,49,1,Lean
2023-12-11,Dec-23,50,0,Peak
2023-12-12,Dec-23,50,0,Lean
2023-12-13,Dec-23,50,0,Peak
2023-12-14,Dec-23,50,0,Lean
2023-12-15,Dec-23,50,0,Lean
2023-12-16,Dec-23,50,0,Stable
2023-12-17,Dec-23,50,0,Lean
2023-12-18,Dec-23,51,0,Stable
2023-12-19,Dec-23,51,1,Peak
2023-12-20,Dec-23,51,0,Stable
2023-12-21,Dec-23,51,0,Peak
2023-12-22,Dec-23,51,1,Stable
2023-12-23,Dec-23,51,1,Stable
2023-12-24,Dec-23,51,0,Stable
2023-12-25,Dec-23,52,0,Stable
2023-12-26,Dec-23,52,1,Lean
2023-12-27,Dec-23,52,1,Lean
2023-12-28,Dec-23,52,0,Stable
2023-12-29,Dec-23,52,0,Lean
2023-12-30,Dec-23,52,0,Lean
2023-12-31,Dec-23,52,0,Stable
2024-01-01,Jan-24,1,1,Stable
2024-01-02,Jan-24,1,0,Stable
2024-01-03,Jan-24,1,0,Lean
2024-01-04,Jan-24,1,1,Stable
2024-01-05,Jan-24,1,1,Stable
2024-01-06,Jan-24,1,0,Peak
2024-01-07,Jan-24,1,0,Peak
2024-01-08,Jan-24,2,0,Peak
2024-01-09,Jan-24,2,1,Stable
2024-01-10,Jan-24,2,0,Lean
2024-01-11,Jan-24,2,1,Peak
2024-01-12,Jan-24,2,0,Lean
2024-01-13,Jan-24,2,0,Lean
2024-01-14,Jan-24,2,0,Stable
2024-01-15,Jan-24,3,0,Lean
2024-01-16,Jan-24,3,1,Peak
2024-01-17,Jan-24,3,0,Lean
2024-01-18,Jan-24,3,0,Stable
2024-01-19,Jan-24,3,0,Peak
2024-01-20,Jan-24,3,0,Stable
2024-01-21,Jan-24,3,1,Lean
2024-01-22,Jan-24,4,1,Stable
2024-01-23,Jan-24,4,0,Lean
2024-01-24,Jan-24,4,0,Stable
2024-01-25,Jan-24,4,1,Stable
2024-01-26,Jan-24,4,1,Stable
2024-01-27,Jan-24,4,0,Lean
2024-01-28,Jan-24,4,0,Peak
2024-01-29,Jan-24,5,0,Stable
2024-01-30,Jan-24,5,0,Lean
2024-01-31,Jan-24,5,0,Peak
2024-02-01,Feb-24,5,0,Stable
2024-02-02,Feb-24,5,1,Stable
2024-02-03,Feb-24,5,0,Peak
2024-02-04,Feb-24,5,1,Stable
2024-02-05,Feb-24,6,0,Lean
2024-02-06,Feb-24,6,0,Lean
2024-02-07,Feb-24,6,0,Lean
2024-02-08,Feb-24,6,0,Lean
2024-02-09,Feb-24,6,0,Stable
2024-02-10,Feb-24,6,0,Lean
2024-02-11,Feb-24,6,1,Lean
2024-02-12,Feb-24,7,0,Peak
2024-02-13,Feb-24,7,0,Lean
2024-02-14,Feb-24,7,0,Lean
2024-02-15,Feb-24,7,0,Peak
2024-02-16,Feb-24,7,0,Peak
2024-02-17,Feb-24,7,0,Peak
2024-02-18,Feb-24,7,0,Peak
2024-02-19,Feb-24,8,0,Lean
2024-02-20,Feb-24,8,0,Peak
2024-02-21,Feb-24,8,0,Peak
2024-02-22,Feb-24,8,1,Stable
2024-02-23,Feb-24,8,0,Stable
2024-02-24,Feb-24,8,0,Peak
2024-02-25,Feb-24,8,0,Peak
2024-02-26,Feb-24,9,0,Peak
2024-02-27,Feb-24,9,0,Peak
2024-02-28,Feb-24,9,1,Peak
2024-02-29,Feb-24,9,0,Lean
2024-03-01,Mar-24,9,0,Stable
2024-03-02,Mar-24,9,0,Lean
2024-03-03,Mar-24,9,0,Lean
2024-03-04,Mar-24,10,0,Stable
2024-03-05,Mar-24,10,0,Stable
2024-03-06,Mar-24,10,0,Lean
2024-03-07,Mar-24,10,0,Lean
2024-03-08,Mar-24,10,0,Lean
2024-03-09,Mar-24,10,0,Peak
2024-03-10,Mar-24,10,0,Peak
2024-03-11,Mar-24,11,0,Lean
2024-03-12,Mar-24,11,1,Peak
2024-03-13,Mar-24,11,0,Lean
2024-03-14,Mar-24,11,1,Stable
2024-03-15,Mar-24,11,0,Stable
2024-03-16,Mar-24,11,0,Lean
2024-03-17,Mar-24,11,0,Lean
2024-03-18,Mar-24,12,0,Stable
2024-03-19,Mar-24,12,0,Lean
2024-03-20,Mar-24,12,0,Stable
2024-03-21,Mar-24,12,0,Lean
2024-03-22,Mar-24,12,0,Peak
2024-03-23,Mar-24,12,0,Lean
2024-03-24,Mar-24,12,0,Stable
2024-03-25,Mar-24,13,0,Peak
2024-03-26,Mar-24,13,0,Lean
2024-03-27,Mar-24,13,1,Stable
2024-03-28,Mar-24,13,0,Lean
2024-03-29,Mar-24,13,0,Peak
2024-03-30,Mar-24,13,1,Peak
2024-03-31,Mar-24,13,0,Peak
2024-04-01,Apr-24,14,1,Lean
2024-04-02,Apr-24,14,0,Lean
2024-04-03,Apr-24,14,0,Peak
2024-04-04,Apr-24,14,0,Peak
2024-04-05,Apr-24,14,0,Stable
2024-04-06,Apr-24,14,0,Lean
2024-04-07,Apr-24,14,0,Peak
2024-04-08,Apr-24,15,0,Lean
2024-04-09,Apr-24,15,0,Lean
2024-04-10,Apr-24,15,0,Peak
2024-04-11,Apr-24,15,0,Lean
2024-04-12,Apr-24,15,0,Peak
2024-04-13,Apr-24,15,0,Stable
2024-04-14,Apr-24,15,0,Stable
2024-04-15,Apr-24,16,0,Stable
2024-04-16,Apr-24,16,1,Stable
2024-04-17,Apr-24,16,0,Peak
2024-04-18,Apr-24,16,0,Lean
2024-04-19,Apr-24,16,0,Lean
2024-04-20,Apr-24,16,0,Stable
2024-04-21,Apr-24,16,0,Stable
2024-04-22,Apr-24,17,1,Lean
2024-04-23,Apr-24,17,0,Peak
2024-04-24,Apr-24,17,1,Lean
2024-04-25,Apr-24,17,0,Peak
2024-04-26,Apr-24,17,0,Stable
2024-04-27,Apr-24,17,1,Lean
2024-04-28,Apr-24,17,0,Peak
2024-04-29,Apr-24,18,0,Lean
2024-04-30,Apr-24,18,0,Stable
2024-05-01,May-24,18,0,Peak
2024-05-02,May-24,18,1,Stable
2024-05-03,May-24,18,0,Stable
2024-05-04,May-24,18,1,Stable
2024-05-05,May-24,18,0,Peak
2024-05-06,May-24,19,0,Stable
2024-05-07,May-24,19,0,Lean
2024-05-08,May-24,19,0,Lean
2024-05-09,May-24,19,1,Peak
2024-05-10,May-24,19,0,Stable
2024-05-11,May-24,19,0,Peak
2024-05-12,May-24,19,0,Lean
2024-05-13,May-24,20,0,Stable
2024-05-14,May-24,20,0,Peak
2024-05-15,May-24,20,1,Stable
2024-05-16,May-24,20,0,Lean
2024-05-17,May-24,20,0,Lean
2024-05-18,May-24,20,0,Stable
2024-05-19,May-24,20,0,Stable
2024-05-20,May-24,21,0,Stable
2024-05-21,May-24,21,1,Lean
2024-05-22,May-24,21,0,Peak
2024-05-23,May-24,21,1,Stable
2024-05-24,May-24,21,0,Stable
2024-05-25,May-24,21,0,Stable
2024-05-26,May-24,21,0,Stable
2024-05-27,May-24,22,0,Peak
2024-05-28,May-24,22,0,Stable
2024-05-29,May-24,22,0,Lean
2024-05-30,May-24,22,0,Peak
2024-05-31,May-24,22,0,Lean
2024-06-01,Jun-24,22,0,Lean
